tile,shape_type,shapes,min_lon,min_lat,max_lon,max_lat,source
+20-156,POLYGON,1,-156.00000000000006,20.0,-155.0,20.999999999999993,map data/water/+20-160/+20-156.shp
+20-157,POLYGON,6,-157.00000000000006,20.000000000000007,-155.99999999999994,21.0,map data/water/+20-160/+20-157.shp
+20-158,POLYGON,1,-158.0,20.000000000000007,-156.99999999999991,20.999999999999993,map data/water/+20-160/+20-158.shp
+21-157,POLYGON,1,-157.00000000000009,21.0,-156.0,21.999999999999993,map data/water/+20-160/+21-157.shp
+21-158,POLYGON,12,-158.00000000000006,21.000000000000007,-156.99999999999994,21.999999999999993,map data/water/+20-160/+21-158.shp
+21-159,POLYGON,12,-159.0,21.000000000000007,-157.99999999999994,21.999999999999993,map data/water/+20-160/+21-159.shp
+21-160,POLYGON,7,-160.0,21.000000000000007,-159.0,22.0,map data/water/+20-160/+21-160.shp
+22-160,POLYGON,7,-160.0,21.999999999999996,-159.0,22.999999999999993,map data/water/+20-160/+22-160.shp
+46+009,POLYGON,123,9.0,46.0,9.999392420568403,46.9849010619791,map data/water/+40+000/+46+009.shp
+47+009,POLYGON,88,8.999999999999996,47.00564250011105,9.999999999999996,47.98313698466135,map data/water/+40+000/+47+009.shp
+48+009,POLYGON,82,9.00000000000001,48.03006392571794,10.00000000000001,49.00000000000001,map data/water/+40+000/+48+009.shp
+49+009,POLYGON,132,8.999999999999996,48.99999999999999,9.999999999999865,50.00000000000007,map data/water/+40+000/+49+009.shp
+46+010,POLYGON,73,10.007805199999998,46.0,10.992200641272428,46.98738809274499,map data/water/+40+010/+46+010.shp
+46+011,POLYGON,70,11.027776162824951,46.00173489035315,11.995136254031502,46.98649206445117,map data/water/+40+010/+46+011.shp
+46+012,POLYGON,95,12.01195767395058,46.0,13.00000000002252,46.95658209999998,map data/water/+40+010/+46+012.shp
+46+013,POLYGON,124,12.99999999999999,45.99980380156997,14.0,47.0,map data/water/+40+010/+46+013.shp
+47+010,POLYGON,142,9.999999999999993,47.03373992499459,11.000000000000007,48.00028109225414,map data/water/+40+010/+47+010.shp
+47+011,POLYGON,123,10.99999999999999,47.00000000000001,11.999999999999982,48.0,map data/water/+40+010/+47+011.shp
+47+012,POLYGON,109,12.000000000000004,47.01438264667287,13.000000000000005,48.000000000000014,map data/water/+40+010/+47+012.shp
+47+013,POLYGON,87,12.999999999999982,47.000000000000014,13.985482186987737,47.9978730253634,map data/water/+40+010/+47+013.shp
+48+010,POLYGON,187,9.999999999999998,47.999999999999986,10.999999999999998,48.999999999999986,map data/water/+40+010/+48+010.shp
+48+011,POLYGON,187,10.999999999999996,48.0,12.000000000092967,49.0,map data/water/+40+010/+48+011.shp
+48+012,POLYGON,114,11.99999999999999,48.0,13.000000000000004,49.0,map data/water/+40+010/+48+012.shp
+48+013,POLYGON,62,12.999999999999995,48.00079659512649,14.0,48.979937954516245,map data/water/+40+010/+48+013.shp
+49+010,POLYGON,161,10.019089635760755,49.00856029999994,11.000000000000014,50.00000000000003,map data/water/+40+010/+49+010.shp
+49+011,POLYGON,104,11.0,49.000000000000014,12.000000000000004,49.94710304430072,map data/water/+40+010/+49+011.shp
+49+012,POLYGON,220,11.999999999999954,49.0,12.999351492137135,49.985413961437075,map data/water/+40+010/+49+012.shp
+49+013,POLYGON,120,13.014868362825052,49.00801164689023,13.994737400000004,50.0,map data/water/+40+010/+49+013.shp
+44-122,POLYGON,48,-122.0,43.99999999999999,-121.06254606719767,44.86689807675815,map data/water/+40-130/+44-122.shp
+44-123,POLYGON,125,-123.00000000000003,44.000003111617175,-121.99999999999997,44.983439199999985,map data/water/+40-130/+44-123.shp
+44-124,POLYGON,117,-124.00000000000021,44.00428839458712,-122.99999999999997,45.000000000000036,map data/water/+40-130/+44-124.shp
+44-125,POLYGON,14,-125.0,44.0,-123.99999999999997,45.0,map data/water/+40-130/+44-125.shp
+45-122,POLYGON,37,-122.00000000000004,45.008492393180475,-120.99999999999994,45.94542326546221,map data/water/+40-130/+45-122.shp
+45-123,POLYGON,208,-123.00000000000031,44.99999977117977,-121.99999999999999,46.0,map data/water/+40-130/+45-123.shp
+45-124,POLYGON,40,-124.00000000000003,45.000000000000014,-122.99999999999993,46.0,map data/water/+40-130/+45-124.shp
+45-125,POLYGON,1,-125.0,45.0,-123.99999999999997,46.0,map data/water/+40-130/+45-125.shp
+46-122,POLYGON,66,-121.98973320491932,45.999874966186766,-121.04457801545581,46.983055417429156,map data/water/+40-130/+46-122.shp
+46-123,POLYGON,146,-123.00000000000003,46.0,-122.00317949244092,47.000000000000114,map data/water/+40-130/+46-123.shp
+46-124,POLYGON,95,-124.00000000000004,46.0,-122.99999999999997,46.998241134266905,map data/water/+40-130/+46-124.shp
+46-125,POLYGON,11,-125.0,46.0,-123.99999999999994,47.0,map data/water/+40-130/+46-125.shp
+57-133,POLYGON,104,-133.00000000000006,56.999999999999986,-131.99999999999994,58.0,map data/water/+50-140/+57-133.shp
+57-134,POLYGON,13,-134.00000000000006,56.99991412203521,-132.99999999999997,58.00000000000002,map data/water/+50-140/+57-134.shp
+57-135,POLYGON,41,-135.00000000000006,57.0,-133.99999999999994,58.000000000000014,map data/water/+50-140/+57-135.shp
+57-136,POLYGON,45,-136.00000000000006,56.99989546831234,-134.9999980211511,58.0,map data/water/+50-140/+57-136.shp
+57-137,POLYGON,45,-137.0,57.0,-135.99999999999994,58.00000000000001,map data/water/+50-140/+57-137.shp
+58-133,POLYGON,271,-133.00000000000017,57.999999999999986,-131.99995488390607,59.0,map data/water/+50-140/+58-133.shp
+58-134,POLYGON,197,-134.00000000000006,58.0,-132.99989032939212,59.0,map data/water/+50-140/+58-134.shp
+58-135,POLYGON,56,-135.00000000002188,57.99999783650577,-133.99999999999991,58.972974558056464,map data/water/+50-140/+58-135.shp
+58-136,POLYGON,20,-136.00000000000006,58.0,-134.99999999999994,59.0,map data/water/+50-140/+58-136.shp
+58-137,POLYGON,20,-137.00000000000006,57.99999999999999,-135.99999999999994,59.0,map data/water/+50-140/+58-137.shp
+59-133,POLYGON,282,-133.00000000000006,59.00699685219507,-131.99986927065672,60.0,map data/water/+50-140/+59-133.shp
+59-134,POLYGON,186,-134.00025744166442,59.000000000000014,-132.99977740296413,60.000175321830255,map data/water/+50-140/+59-134.shp
+59-135,POLYGON,146,-135.00000975703855,59.130606599999965,-133.9999999999995,60.0,map data/water/+50-140/+59-135.shp
+59-136,POLYGON,186,-136.00010046702653,59.0,-134.99999999999994,60.0,map data/water/+50-140/+59-136.shp
+59-137,POLYGON,231,-137.00000000000006,58.999999999999986,-136.00018220000004,59.999278923723324,map data/water/+50-140/+59-137.shp
