category,count
sq,921
rock,677
red,575
sp,441
broad,435
dry,334
wetl,333
tun,310
apt,309
coni,308
ice,263
wet,256
any,246
crpm,238
pastr,230
sdesert,229
grass,220
desert,207
l,204
sdry,192
urban,188
sand,184
glacier,180
crpirg,180
crp,168
shrb,159
snow,157
fruit,140
rivbd,139
spr,137
polar,132
orch,131
mine,130
hiland,126
morn,106
des,94
temp,92
north,66
cliff,62
rainf,46
semidry,46
trop,46
rainforest,40
bare,35
sdesert2,32
barren,24
north2,20
scree,15
park,12
olives,11
ind,8
salt,6
tmp,6
golf,2
